{
  "evaluation_metadata": {
    "timestamp": "2025-07-18T19:20:17.065725",
    "total_evaluated": 169,
    "metrics": {
      "total_questions": 169,
      "correct_answers": 8,
      "incorrect_answers": 161,
      "error_answers": 0,
      "accuracy": 0.047337278106508875,
      "avg_confidence": 0.9665680473372782,
      "avg_judgment_time": 2.3700233254437872
    }
  }
}