{
  "evaluation_metadata": {
    "timestamp": "2025-07-18T18:30:24.752733",
    "total_evaluated": 169,
    "metrics": {
      "total_questions": 169,
      "correct_answers": 35,
      "incorrect_answers": 134,
      "error_answers": 0,
      "accuracy": 0.20710059171597633,
      "avg_confidence": 0.9781065088757397,
      "avg_judgment_time": 2.086512597633136
    }
  }
}